time,state,players
255.215,Patrol,Player(Clone):8.640:True;Girl(Clone):8.640:True
255.330,Watching,Player(Clone):8.640:True;Girl(Clone):8.640:True
255.432,Watching,Player(Clone):8.640:True;Girl(Clone):8.640:True
255.549,Watching,Player(Clone):8.640:True;Girl(Clone):8.640:True
255.652,Watching,Player(Clone):8.640:True;Girl(Clone):8.640:True
255.755,Watching,Player(Clone):8.640:True;Girl(Clone):8.640:True
255.860,Watching,Player(Clone):8.640:True;Girl(Clone):8.640:True
255.962,Watching,Player(Clone):8.640:True;Girl(Clone):8.640:True
256.062,Watching,Player(Clone):8.640:True;Girl(Clone):8.640:True
256.180,Watching,Player(Clone):8.640:True;Girl(Clone):8.640:True
256.286,Watching,Player(Clone):8.640:True;Girl(Clone):8.640:True
256.388,Watching,Player(Clone):8.640:True;Girl(Clone):8.640:True
256.504,Watching,Player(Clone):8.640:True;Girl(Clone):8.640:True
256.622,Watching,Player(Clone):8.640:True;Girl(Clone):8.640:True
256.713,Watching,Player(Clone):8.640:True;Girl(Clone):8.640:True
256.830,Watching,Player(Clone):8.640:True;Girl(Clone):8.640:True
256.933,Watching,Player(Clone):8.517:True;Girl(Clone):8.640:True
257.038,Watching,Player(Clone):8.377:True;Girl(Clone):8.610:True
257.139,Watching,Player(Clone):8.227:True;Girl(Clone):8.515:True
257.241,Watching,Player(Clone):8.054:True;Girl(Clone):8.386:True
257.329,Watching,Player(Clone):7.986:True;Girl(Clone):8.264:True
257.437,Watching,Player(Clone):7.627:True;Girl(Clone):8.120:True
257.545,Watching,Player(Clone):6.928:True;Girl(Clone):7.926:True
257.653,Watching,Player(Clone):5.898:True;Girl(Clone):7.506:True
257.763,Watching,Player(Clone):4.498:True;Girl(Clone):6.842:True
257.877,Watching,Player(Clone):2.673:True;Girl(Clone):5.858:True
257.989,Watching,Player(Clone):0.528:True;Girl(Clone):4.383:True
258.089,Watching,Player(Clone):0.000:True;Girl(Clone):2.674:True
258.196,Watching,Player(Clone):0.000:True;Girl(Clone):0.966:True
258.311,Watching,Player(Clone):0.000:True;Girl(Clone):0.275:True
258.432,Watching,Player(Clone):0.000:True;Girl(Clone):0.073:True
258.531,Watching,Player(Clone):0.000:True;Girl(Clone):0.025:True
258.636,Watching,Player(Clone):0.000:True;Girl(Clone):0.008:True
258.756,Watching,Player(Clone):0.000:True;Girl(Clone):0.002:True
258.857,Watching,Player(Clone):0.000:True;Girl(Clone):0.001:True
258.968,Watching,Player(Clone):0.000:True;Girl(Clone):0.000:True
259.064,Watching,Player(Clone):0.000:True;Girl(Clone):0.000:True
259.185,Watching,Player(Clone):0.000:True;Girl(Clone):0.000:True
259.285,Watching,Player(Clone):0.000:True;Girl(Clone):0.000:True
259.371,Watching,Player(Clone):0.000:True;Girl(Clone):0.000:True
259.490,Watching,Player(Clone):0.000:True;Girl(Clone):0.000:True
259.586,Watching,Player(Clone):0.000:True;Girl(Clone):0.000:True
259.706,Watching,Player(Clone):0.000:True;Girl(Clone):0.000:True
259.804,Watching,Player(Clone):0.000:True;Girl(Clone):0.000:True
259.917,Watching,Player(Clone):0.000:True;Girl(Clone):0.000:True
260.012,Watching,Player(Clone):0.000:True;Girl(Clone):0.000:True
260.123,Watching,Player(Clone):0.000:True;Girl(Clone):0.000:True
260.234,Watching,Player(Clone):0.000:True;Girl(Clone):0.000:True
260.336,Watching,Player(Clone):0.000:True;Girl(Clone):0.000:True
260.456,WindUp,Player(Clone):0.000:True;Girl(Clone):0.000:True
260.552,WindUp,Player(Clone):0.000:True;Girl(Clone):0.000:True
260.653,WindUp,Player(Clone):0.000:True;Girl(Clone):0.000:True
260.751,WindUp,Player(Clone):0.000:True;Girl(Clone):0.000:True
260.872,WindUp,Player(Clone):0.000:True;Girl(Clone):0.000:True
260.973,WindUp,Player(Clone):0.000:True;Girl(Clone):0.000:True
261.070,WindUp,Player(Clone):0.000:True;Girl(Clone):0.000:True
261.189,WindUp,Player(Clone):0.000:True;Girl(Clone):0.000:True
261.294,WindUp,Player(Clone):0.000:True;Girl(Clone):0.000:True
261.386,WindUp,Player(Clone):0.000:True;Girl(Clone):0.000:True
261.506,WindUp,Player(Clone):0.000:True;Girl(Clone):0.000:True
261.601,WindUp,Player(Clone):0.000:True;Girl(Clone):0.000:True
261.723,WindUp,Player(Clone):0.000:True;Girl(Clone):0.000:True
261.819,WindUp,Player(Clone):0.000:True;Girl(Clone):0.000:True
261.939,WindUp,Player(Clone):0.000:True;Girl(Clone):0.000:True
262.036,WindUp,Player(Clone):0.000:True;Girl(Clone):0.000:True
262.156,WindUp,Player(Clone):0.000:True;Girl(Clone):0.000:True
262.253,WindUp,Player(Clone):0.000:True;Girl(Clone):0.000:True
262.373,WindUp,Player(Clone):0.000:True;Girl(Clone):0.000:True
262.469,WindUp,Player(Clone):0.000:True;Girl(Clone):0.000:True
262.589,WindUp,Player(Clone):0.000:True;Girl(Clone):0.000:True
262.690,WindUp,Player(Clone):0.000:True;Girl(Clone):0.000:True
262.786,WindUp,Player(Clone):0.000:True;Girl(Clone):0.000:True
262.894,WindUp,Player(Clone):0.000:True;Girl(Clone):0.000:True
263.010,WindUp,Player(Clone):0.000:True;Girl(Clone):0.000:True
263.112,WindUp,Player(Clone):0.000:True;Girl(Clone):0.000:True
263.225,WindUp,Player(Clone):0.000:True;Girl(Clone):0.000:True
263.320,WindUp,Player(Clone):0.000:True;Girl(Clone):0.000:True
263.435,Chase,Player(Clone):0.000:True;Girl(Clone):0.000:True
263.537,Chase,Player(Clone):0.000:True;Girl(Clone):0.000:True
263.646,Chase,Player(Clone):0.000:True;Girl(Clone):0.000:True
263.765,Chase,Player(Clone):0.000:True;Girl(Clone):0.000:True
263.861,Chase,Player(Clone):0.000:True;Girl(Clone):0.000:True
263.981,Chase,Player(Clone):0.000:True;Girl(Clone):0.000:True
264.082,Chase,Player(Clone):0.000:True;Girl(Clone):0.000:True
264.186,Chase,Player(Clone):0.000:True;Girl(Clone):0.000:True
264.286,Chase,Player(Clone):0.000:True;Girl(Clone):0.000:True
264.397,Chase,Player(Clone):0.000:True;Girl(Clone):0.000:True
264.494,Chase,Player(Clone):0.000:True;Girl(Clone):0.000:True
264.603,Chase,Player(Clone):0.000:True;Girl(Clone):0.000:True
264.722,Chase,Player(Clone):0.000:True;Girl(Clone):0.000:True
264.824,Chase,Player(Clone):0.000:True;Girl(Clone):0.000:True
264.935,Chase,Player(Clone):0.000:True;Girl(Clone):0.000:True
265.019,Chase,Player(Clone):0.000:True;Girl(Clone):0.000:True
265.139,Chase,Player(Clone):0.000:True;Girl(Clone):0.000:True
265.237,Chase,Player(Clone):0.000:True;Girl(Clone):0.000:True
265.357,Chase,Player(Clone):0.000:True;Girl(Clone):0.000:True
265.461,Chase,Player(Clone):0.000:True;Girl(Clone):0.000:True
265.551,Chase,Player(Clone):0.000:True;Girl(Clone):0.000:True
265.672,Chase,Player(Clone):0.000:True;Girl(Clone):0.000:True
265.761,Attack,Player(Clone):0.000:True;Girl(Clone):0.000:True
265.884,Attack,Player(Clone):0.000:True;Girl(Clone):0.000:True
265.986,Attack,Player(Clone):0.000:True;Girl(Clone):0.000:True
266.073,Attack,Player(Clone):0.000:True;Girl(Clone):0.000:True
266.193,Attack,Player(Clone):0.000:True;Girl(Clone):0.000:True
266.294,Attack,Player(Clone):0.000:True;Girl(Clone):0.000:True
266.416,Attack,Player(Clone):0.000:True;Girl(Clone):0.010:True
266.522,Attack,Player(Clone):0.000:True;Girl(Clone):0.019:True
266.641,Attack,Player(Clone):0.000:True;Girl(Clone):0.005:True
266.755,Attack,Player(Clone):0.000:True;Girl(Clone):0.001:True
266.845,Attack,Player(Clone):0.000:True;Girl(Clone):0.001:True
266.964,Attack,Player(Clone):0.000:True;Girl(Clone):0.000:True
267.068,Attack,Player(Clone):0.000:True;Girl(Clone):0.000:True
267.153,Attack,Player(Clone):0.000:True;Girl(Clone):0.000:True
267.276,Recovery,Player(Clone):0.000:True;Girl(Clone):0.000:True
267.376,Recovery,Player(Clone):0.000:True;Girl(Clone):0.000:True
267.479,Recovery,Player(Clone):0.000:True;Girl(Clone):0.000:True
267.594,Recovery,Player(Clone):0.000:True;Girl(Clone):0.000:True
267.710,Recovery,Player(Clone):0.000:True;Girl(Clone):0.000:True
267.816,WindUp,Player(Clone):0.000:True;Girl(Clone):0.000:True
267.912,WindUp,Player(Clone):0.000:True;Girl(Clone):0.000:True
268.035,WindUp,Player(Clone):0.000:True;Girl(Clone):0.000:True
268.119,WindUp,Player(Clone):0.000:True;Girl(Clone):0.000:True
268.241,WindUp,Player(Clone):0.000:True;Girl(Clone):0.000:True
268.347,WindUp,Player(Clone):0.000:True;Girl(Clone):0.000:True
268.465,WindUp,Player(Clone):0.000:True;Girl(Clone):0.000:True
268.556,WindUp,Player(Clone):0.000:True;Girl(Clone):0.000:True
268.662,WindUp,Player(Clone):0.000:True;Girl(Clone):0.000:True
268.781,WindUp,Player(Clone):0.000:True;Girl(Clone):0.000:True
268.882,WindUp,Player(Clone):0.000:True;Girl(Clone):0.000:True
268.971,WindUp,Player(Clone):0.000:True;Girl(Clone):0.000:True
269.083,WindUp,Player(Clone):0.000:True;Girl(Clone):0.000:True
269.198,WindUp,Player(Clone):0.000:True;Girl(Clone):0.000:True
269.288,WindUp,Player(Clone):0.000:True;Girl(Clone):0.000:True
269.404,WindUp,Player(Clone):0.000:True;Girl(Clone):0.000:False
269.506,WindUp,Player(Clone):0.000:True;Girl(Clone):0.000:False
269.594,WindUp,Player(Clone):0.000:True;Girl(Clone):0.000:False
269.714,WindUp,Player(Clone):0.000:True;Girl(Clone):0.000:False
269.818,WindUp,Player(Clone):0.000:True;Girl(Clone):0.000:False
269.920,WindUp,Player(Clone):0.000:True;Girl(Clone):0.000:False
270.036,WindUp,Player(Clone):0.000:True;Girl(Clone):0.000:False
270.140,WindUp,Player(Clone):0.000:True;Girl(Clone):0.000:False
270.235,WindUp,Player(Clone):0.000:True;Girl(Clone):0.000:False
270.356,WindUp,Player(Clone):0.000:True;Girl(Clone):0.000:False
270.460,WindUp,Player(Clone):0.000:True;Girl(Clone):0.000:False
270.546,WindUp,Player(Clone):0.000:True;Girl(Clone):0.000:False
270.662,WindUp,Player(Clone):0.000:True;Girl(Clone):0.000:False
270.768,Chase,Player(Clone):0.000:True;Girl(Clone):0.000:False
270.862,Chase,Player(Clone):0.000:True;Girl(Clone):0.000:False
270.980,Chase,Player(Clone):0.000:True;Girl(Clone):0.000:False
271.100,Chase,Player(Clone):0.000:True;Girl(Clone):0.000:False
271.202,Chase,Player(Clone):0.000:True;Girl(Clone):0.000:False
271.304,Chase,Player(Clone):0.000:True;Girl(Clone):0.000:False
271.421,Chase,Player(Clone):0.000:True;Girl(Clone):0.000:False
271.527,Chase,Player(Clone):0.000:True;Girl(Clone):0.000:False
271.616,Chase,Player(Clone):0.000:True;Girl(Clone):0.000:False
271.731,Chase,Player(Clone):0.000:True;Girl(Clone):0.000:False
271.835,Chase,Player(Clone):0.000:True;Girl(Clone):0.000:False
271.927,Chase,Player(Clone):0.000:True;Girl(Clone):0.000:False
272.044,Chase,Player(Clone):0.000:True;Girl(Clone):0.000:False
272.164,Chase,Player(Clone):0.000:True;Girl(Clone):0.000:False
272.252,Chase,Player(Clone):0.000:True;Girl(Clone):0.000:False
272.373,Chase,Player(Clone):0.000:True;Girl(Clone):0.000:False
272.461,Chase,Player(Clone):0.000:True;Girl(Clone):0.000:False
272.582,Chase,Player(Clone):0.000:True;Girl(Clone):0.000:False
272.672,Chase,Player(Clone):0.000:True;Girl(Clone):0.000:False
272.792,Chase,Player(Clone):0.000:True;Girl(Clone):0.000:False
272.895,Chase,Player(Clone):0.000:True;Girl(Clone):0.000:False
272.996,Chase,Player(Clone):0.000:True;Girl(Clone):0.000:False
273.116,Chase,Player(Clone):0.000:True;Girl(Clone):0.000:False
273.228,Chase,Player(Clone):0.000:True;Girl(Clone):0.000:False
273.334,Attack,Player(Clone):0.000:True;Girl(Clone):0.000:False
273.437,Attack,Player(Clone):0.000:True;Girl(Clone):0.000:False
273.552,Attack,Player(Clone):0.000:True;Girl(Clone):0.000:False
273.674,Attack,Player(Clone):0.000:True;Girl(Clone):0.000:False
273.786,Attack,Player(Clone):0.000:True;Girl(Clone):0.000:False
273.902,Attack,Player(Clone):0.003:True;Girl(Clone):0.000:False
274.008,Attack,Player(Clone):0.000:True;Girl(Clone):0.000:False
274.094,Attack,Player(Clone):0.000:True;Girl(Clone):0.000:False
274.211,Attack,Player(Clone):0.000:True;Girl(Clone):0.000:False
274.334,Attack,Player(Clone):0.000:True;Girl(Clone):0.000:False
274.437,Attack,Player(Clone):0.000:True;Girl(Clone):0.000:False
274.539,Attack,Player(Clone):0.000:True;Girl(Clone):0.000:False
274.641,Attack,Player(Clone):0.000:True;Girl(Clone):0.000:False
274.735,Attack,Player(Clone):0.000:True;Girl(Clone):0.000:False
274.858,Recovery,Player(Clone):0.000:True;Girl(Clone):0.000:False
274.959,Recovery,Player(Clone):0.000:True;Girl(Clone):0.000:False
275.062,Recovery,Player(Clone):0.000:True;Girl(Clone):0.000:False
275.160,Recovery,Player(Clone):0.000:True;Girl(Clone):0.000:False
275.280,Recovery,Player(Clone):0.000:True;Girl(Clone):0.000:False
275.385,Patrol,Player(Clone):0.000:True;Girl(Clone):0.000:False
275.481,Patrol,Player(Clone):0.000:True;Girl(Clone):0.000:False
275.598,Patrol,Player(Clone):0.000:True;Girl(Clone):0.000:False
275.701,Patrol,Player(Clone):0.000:True;Girl(Clone):0.000:False
275.800,Patrol,Player(Clone):0.000:True;Girl(Clone):0.000:False
275.913,Patrol,Player(Clone):0.000:True;Girl(Clone):0.000:False
276.016,Patrol,Player(Clone):0.000:True;Girl(Clone):0.000:False
276.119,Patrol,Player(Clone):0.000:True;Girl(Clone):0.000:False
276.225,Patrol,Player(Clone):0.000:True;Girl(Clone):0.000:False
276.324,Patrol,Player(Clone):0.000:True;Girl(Clone):0.000:False
276.427,Patrol,Player(Clone):0.000:True;Girl(Clone):0.000:False
276.532,Patrol,Player(Clone):0.000:True;Girl(Clone):0.000:False
276.630,Patrol,Player(Clone):0.000:True;Girl(Clone):0.000:False
276.747,Patrol,Player(Clone):0.000:True;Girl(Clone):0.000:False
276.850,Patrol,Player(Clone):0.000:True;Girl(Clone):0.000:False
276.954,Patrol,Player(Clone):0.000:False;Girl(Clone):0.000:False
277.055,Patrol,Player(Clone):0.000:False;Girl(Clone):0.000:False
277.156,Patrol,Player(Clone):0.000:False;Girl(Clone):0.000:False
277.260,Patrol,Player(Clone):0.000:False;Girl(Clone):0.000:False
277.362,Patrol,Player(Clone):0.000:False;Girl(Clone):0.000:False
277.463,Patrol,Player(Clone):0.000:False;Girl(Clone):0.000:False
277.566,Patrol,Player(Clone):0.000:False;Girl(Clone):0.000:False
277.667,Patrol,Player(Clone):0.000:False;Girl(Clone):0.000:False
277.769,Patrol,Player(Clone):0.000:False;Girl(Clone):0.000:False
277.871,Patrol,Player(Clone):0.000:False;Girl(Clone):0.000:False
277.972,Patrol,Player(Clone):0.000:False;Girl(Clone):0.000:False
278.073,Patrol,Player(Clone):0.000:False;Girl(Clone):0.000:False
278.173,Patrol,Player(Clone):0.000:False;Girl(Clone):0.000:False
278.273,Patrol,Player(Clone):0.000:False;Girl(Clone):0.000:False
278.376,Patrol,Player(Clone):0.000:False;Girl(Clone):0.000:False
278.476,Patrol,Player(Clone):0.000:False;Girl(Clone):0.000:False
278.579,Patrol,Player(Clone):0.000:False;Girl(Clone):0.000:False
278.683,Patrol,Player(Clone):0.000:False;Girl(Clone):0.000:False
278.787,Patrol,Player(Clone):0.000:False;Girl(Clone):0.000:False
278.890,Patrol,Player(Clone):0.000:False;Girl(Clone):0.000:False
278.994,Patrol,Player(Clone):0.000:False;Girl(Clone):0.000:False
279.097,Patrol,Player(Clone):0.000:False;Girl(Clone):0.000:False
279.201,Patrol,Player(Clone):0.000:False;Girl(Clone):0.000:False
279.304,Patrol,Player(Clone):0.000:False;Girl(Clone):0.000:False
279.407,Patrol,Player(Clone):0.000:False;Girl(Clone):0.000:False
279.511,Patrol,Player(Clone):0.000:False;Girl(Clone):0.000:False
279.614,Patrol,Player(Clone):0.000:False;Girl(Clone):0.000:False
279.719,Patrol,Player(Clone):0.000:False;Girl(Clone):0.000:False
279.822,Patrol,Player(Clone):0.000:False;Girl(Clone):0.000:False
279.921,Patrol,Player(Clone):0.000:False;Girl(Clone):0.000:False
280.025,Patrol,Player(Clone):0.000:False;Girl(Clone):0.000:False
280.128,Patrol,Player(Clone):0.000:False;Girl(Clone):0.000:False
280.232,Patrol,Player(Clone):0.000:False;Girl(Clone):0.000:False
280.335,Patrol,Player(Clone):0.000:False;Girl(Clone):0.000:False
280.439,Patrol,Player(Clone):0.000:False;Girl(Clone):0.000:False
280.543,Patrol,Player(Clone):0.000:False;Girl(Clone):0.000:False
280.646,Patrol,Player(Clone):0.000:False;Girl(Clone):0.000:False
280.746,Patrol,Player(Clone):0.000:False;Girl(Clone):0.000:False
280.846,Patrol,Player(Clone):0.000:False;Girl(Clone):0.000:False
280.949,Patrol,Player(Clone):0.000:False;Girl(Clone):0.000:False
281.053,Patrol,Player(Clone):0.000:False;Girl(Clone):0.000:False
281.157,Patrol,Player(Clone):0.000:False;Girl(Clone):0.000:False
281.259,Patrol,Player(Clone):0.000:False;Girl(Clone):0.000:False
281.359,Patrol,Player(Clone):0.000:False;Girl(Clone):0.000:False
281.460,Patrol,Player(Clone):0.000:False;Girl(Clone):0.000:False
281.561,Patrol,Player(Clone):0.000:False;Girl(Clone):0.000:False
281.663,Patrol,Player(Clone):0.000:False;Girl(Clone):0.000:False
281.765,Patrol,Player(Clone):0.000:False;Girl(Clone):0.000:False
281.865,Patrol,Player(Clone):0.000:False;Girl(Clone):0.000:False
281.967,Patrol,Player(Clone):0.000:False;Girl(Clone):0.000:False
282.067,Patrol,Player(Clone):0.000:False;Girl(Clone):0.000:False
282.171,Patrol,Player(Clone):0.000:False;Girl(Clone):0.000:False
282.271,Patrol,Player(Clone):0.000:False;Girl(Clone):0.000:False
282.375,Patrol,Player(Clone):0.000:False;Girl(Clone):0.000:False
282.479,Patrol,Player(Clone):0.000:False;Girl(Clone):0.000:False
282.582,Patrol,Player(Clone):0.000:False;Girl(Clone):0.000:False
282.685,Patrol,Player(Clone):0.000:False;Girl(Clone):0.000:False
282.785,Patrol,Player(Clone):0.000:False;Girl(Clone):0.000:False
282.889,Patrol,Player(Clone):0.000:False;Girl(Clone):0.000:False
282.993,Patrol,Player(Clone):0.000:False;Girl(Clone):0.000:False
283.096,Patrol,Player(Clone):0.000:False;Girl(Clone):0.000:False
283.200,Patrol,Player(Clone):0.000:False;Girl(Clone):0.000:False
283.304,Patrol,Player(Clone):0.000:False;Girl(Clone):0.000:False
283.407,Patrol,Player(Clone):0.000:False;Girl(Clone):0.000:False
283.511,Patrol,Player(Clone):0.000:False;Girl(Clone):0.000:False
283.614,Patrol,Player(Clone):0.000:False;Girl(Clone):0.000:False
283.714,Patrol,Player(Clone):0.000:False;Girl(Clone):0.000:False
283.818,Patrol,Player(Clone):0.000:False;Girl(Clone):0.000:False
283.922,Patrol,Player(Clone):0.000:False;Girl(Clone):0.000:False
284.026,Patrol,Player(Clone):0.000:False;Girl(Clone):0.000:False
284.128,Patrol,Player(Clone):0.000:False;Girl(Clone):0.000:False
284.228,Patrol,Player(Clone):0.000:False;Girl(Clone):0.000:False
284.332,Patrol,Player(Clone):0.000:False;Girl(Clone):0.000:False
284.435,Patrol,Player(Clone):0.000:False;Girl(Clone):0.000:False
284.539,Patrol,Player(Clone):0.000:False;Girl(Clone):0.000:False
284.643,Patrol,Player(Clone):0.000:False;Girl(Clone):0.000:False
284.743,Patrol,Player(Clone):0.000:False;Girl(Clone):0.000:False
284.843,Patrol,Player(Clone):0.000:False;Girl(Clone):0.000:False
284.946,Patrol,Player(Clone):0.000:False;Girl(Clone):0.000:False
285.050,Patrol,Player(Clone):0.000:False;Girl(Clone):0.000:False
285.153,Patrol,Player(Clone):0.000:False;Girl(Clone):0.000:False
285.255,Patrol,Player(Clone):0.000:False;Girl(Clone):0.000:False
285.356,Patrol,Player(Clone):0.000:False;Girl(Clone):0.000:False
285.457,Patrol,Player(Clone):0.000:False;Girl(Clone):0.000:False
285.559,Patrol,Player(Clone):0.000:False;Girl(Clone):0.000:False
285.659,Patrol,Player(Clone):0.000:False;Girl(Clone):0.000:False
285.760,Patrol,Player(Clone):0.000:False;Girl(Clone):0.000:False
285.861,Patrol,Player(Clone):0.000:False;Girl(Clone):0.000:False
285.963,Patrol,Player(Clone):0.000:False;Girl(Clone):0.000:False
286.064,Patrol,Player(Clone):0.000:False;Girl(Clone):0.000:False
286.164,Patrol,Player(Clone):0.000:False;Girl(Clone):0.000:False
286.265,Patrol,Player(Clone):0.000:False;Girl(Clone):0.000:False
286.368,Patrol,Player(Clone):0.000:False;Girl(Clone):0.000:False
286.472,Patrol,Player(Clone):0.000:False;Girl(Clone):0.000:False
286.576,Patrol,Player(Clone):0.000:False;Girl(Clone):0.000:False
286.679,Patrol,Player(Clone):0.000:False;Girl(Clone):0.000:False
286.779,Patrol,Player(Clone):0.000:False;Girl(Clone):0.000:False
286.883,Patrol,Player(Clone):0.000:False;Girl(Clone):0.000:False
286.987,Patrol,Player(Clone):0.000:False;Girl(Clone):0.000:False
287.089,Patrol,Player(Clone):0.000:False;Girl(Clone):0.000:False
287.194,Patrol,Player(Clone):0.000:False;Girl(Clone):0.000:False
287.294,Patrol,Player(Clone):0.000:False;Girl(Clone):0.000:False
287.397,Patrol,Player(Clone):0.000:False;Girl(Clone):0.000:False
287.496,Patrol,Player(Clone):0.000:False;Girl(Clone):0.000:False
287.599,Patrol,Player(Clone):0.000:False;Girl(Clone):0.000:False
287.703,Patrol,Player(Clone):0.000:False;Girl(Clone):0.000:False
287.806,Patrol,Player(Clone):0.000:False;Girl(Clone):0.000:False
287.910,Patrol,Player(Clone):0.000:False;Girl(Clone):0.000:False
288.013,Patrol,Player(Clone):0.000:False;Girl(Clone):0.000:False
288.113,Patrol,Player(Clone):0.000:False;Girl(Clone):0.000:False
288.218,Patrol,Player(Clone):0.000:False;Girl(Clone):0.000:False
288.320,Patrol,Player(Clone):0.000:False;Girl(Clone):0.000:False
288.423,Patrol,Player(Clone):0.000:False;Girl(Clone):0.000:False
288.527,Patrol,Player(Clone):0.000:False;Girl(Clone):0.000:False
288.630,Patrol,Player(Clone):0.000:False;Girl(Clone):0.000:False
288.731,Patrol,Player(Clone):0.000:False;Girl(Clone):0.000:False
288.835,Patrol,Player(Clone):0.000:False;Girl(Clone):0.000:False
288.938,Patrol,Player(Clone):0.000:False;Girl(Clone):0.000:False
289.043,Patrol,Player(Clone):0.000:False;Girl(Clone):0.000:False
289.146,Patrol,Player(Clone):0.000:False;Girl(Clone):0.000:False
289.247,Patrol,Player(Clone):0.000:False;Girl(Clone):0.000:False
289.348,Patrol,Player(Clone):0.000:False;Girl(Clone):0.000:False
289.449,Patrol,Player(Clone):0.000:False;Girl(Clone):0.000:False
289.549,Patrol,Player(Clone):0.000:False;Girl(Clone):0.000:False
289.651,Patrol,Player(Clone):0.000:False;Girl(Clone):0.000:False
289.752,Patrol,Player(Clone):0.000:False;Girl(Clone):0.000:False
289.853,Patrol,Player(Clone):0.000:False;Girl(Clone):0.000:False
289.955,Patrol,Player(Clone):0.000:False;Girl(Clone):0.000:False
290.057,Patrol,Player(Clone):0.000:False;Girl(Clone):0.000:False
290.161,Patrol,Player(Clone):0.000:False;Girl(Clone):0.000:False
290.265,Patrol,Player(Clone):0.000:False;Girl(Clone):0.000:False
290.369,Patrol,Player(Clone):0.000:False;Girl(Clone):0.000:False
290.473,Patrol,Player(Clone):0.000:False;Girl(Clone):0.000:False
290.576,Patrol,Player(Clone):0.000:False;Girl(Clone):0.000:False
290.680,Patrol,Player(Clone):0.000:False;Girl(Clone):0.000:False
290.781,Patrol,Player(Clone):0.000:False;Girl(Clone):0.000:False
290.884,Patrol,Player(Clone):0.000:False;Girl(Clone):0.000:False
290.988,Patrol,Player(Clone):0.000:False;Girl(Clone):0.000:False
291.088,Patrol,Player(Clone):0.000:False;Girl(Clone):0.000:False
291.187,Patrol,Player(Clone):0.000:False;Girl(Clone):0.000:False
291.292,Patrol,Player(Clone):0.000:False;Girl(Clone):0.000:False
291.395,Patrol,Player(Clone):0.000:False;Girl(Clone):0.000:False
291.499,Patrol,Player(Clone):0.000:False;Girl(Clone):0.000:False
291.602,Patrol,Player(Clone):0.000:False;Girl(Clone):0.000:False
291.705,Patrol,Player(Clone):0.000:False;Girl(Clone):0.000:False
291.809,Patrol,Player(Clone):0.000:False;Girl(Clone):0.000:False
291.913,Patrol,Player(Clone):0.000:False;Girl(Clone):0.000:False
292.016,Patrol,Player(Clone):0.000:False;Girl(Clone):0.000:False
292.120,Patrol,Player(Clone):0.000:False;Girl(Clone):0.000:False
292.220,Patrol,Player(Clone):0.000:False;Girl(Clone):0.000:False
292.324,Patrol,Player(Clone):0.000:False;Girl(Clone):0.000:False
292.427,Patrol,Player(Clone):0.000:False;Girl(Clone):0.000:False
292.530,Patrol,Player(Clone):0.000:False;Girl(Clone):0.000:False
292.634,Patrol,Player(Clone):0.000:False;Girl(Clone):0.000:False
292.735,Patrol,Player(Clone):0.000:False;Girl(Clone):0.000:False
292.835,Patrol,Player(Clone):0.000:False;Girl(Clone):0.000:False
292.939,Patrol,Player(Clone):0.000:False;Girl(Clone):0.000:False
293.038,Patrol,Player(Clone):0.000:False;Girl(Clone):0.000:False
293.142,Patrol,Player(Clone):0.000:False;Girl(Clone):0.000:False
293.243,Patrol,Player(Clone):0.000:False;Girl(Clone):0.000:False
293.344,Patrol,Player(Clone):0.000:False;Girl(Clone):0.000:False
293.446,Patrol,Player(Clone):0.000:False;Girl(Clone):0.000:False
293.546,Patrol,Player(Clone):0.000:False;Girl(Clone):0.000:False
293.648,Patrol,Player(Clone):0.000:False;Girl(Clone):0.000:False
293.751,Patrol,Player(Clone):0.000:False;Girl(Clone):0.000:False
293.852,Patrol,Player(Clone):0.000:False;Girl(Clone):0.000:False
293.954,Patrol,Player(Clone):0.000:False;Girl(Clone):0.000:False
294.056,Patrol,Player(Clone):0.000:False;Girl(Clone):0.000:False
294.157,Patrol,Player(Clone):0.000:False;Girl(Clone):0.000:False
294.258,Patrol,Player(Clone):0.000:False;Girl(Clone):0.000:False
294.362,Patrol,Player(Clone):0.000:False;Girl(Clone):0.000:False
294.467,Patrol,Player(Clone):0.000:False;Girl(Clone):0.000:False
294.568,Patrol,Player(Clone):0.000:False;Girl(Clone):0.000:False
294.671,Patrol,Player(Clone):0.000:False;Girl(Clone):0.000:False
294.774,Patrol,Player(Clone):0.000:False;Girl(Clone):0.000:False
294.875,Patrol,Player(Clone):0.000:False;Girl(Clone):0.000:False
294.976,Patrol,Player(Clone):0.000:False;Girl(Clone):0.000:False
295.076,Patrol,Player(Clone):0.000:False;Girl(Clone):0.000:False
295.176,Patrol,Player(Clone):0.000:False;Girl(Clone):0.000:False
295.278,Patrol,Player(Clone):0.000:False;Girl(Clone):0.000:False
295.378,Patrol,Player(Clone):0.000:False;Girl(Clone):0.000:False
295.482,Patrol,Player(Clone):0.000:False;Girl(Clone):0.000:False
295.586,Patrol,Player(Clone):0.000:False;Girl(Clone):0.000:False
295.689,Patrol,Player(Clone):0.000:False;Girl(Clone):0.000:False
295.793,Patrol,Player(Clone):0.000:False;Girl(Clone):0.000:False
295.894,Patrol,Player(Clone):0.000:False;Girl(Clone):0.000:False
295.994,Patrol,Player(Clone):0.000:False;Girl(Clone):0.000:False
296.094,Patrol,Player(Clone):0.000:False;Girl(Clone):0.000:False
296.195,Patrol,Player(Clone):0.000:False;Girl(Clone):0.000:False
296.296,Patrol,Player(Clone):0.000:False;Girl(Clone):0.000:False
296.397,Patrol,Player(Clone):0.000:False;Girl(Clone):0.000:False
296.498,Patrol,Player(Clone):0.000:False;Girl(Clone):0.000:False
296.600,Patrol,Player(Clone):0.000:False;Girl(Clone):0.000:False
296.702,Patrol,Player(Clone):0.000:False;Girl(Clone):0.000:False
296.804,Patrol,Player(Clone):0.000:False;Girl(Clone):0.000:False
296.906,Patrol,Player(Clone):0.000:False;Girl(Clone):0.000:False
297.007,Patrol,Player(Clone):0.000:False;Girl(Clone):0.000:False
297.112,Patrol,Player(Clone):0.000:False;Girl(Clone):0.000:False
297.215,Patrol,Player(Clone):0.000:False;Girl(Clone):0.000:False
297.319,Patrol,Player(Clone):0.000:False;Girl(Clone):0.000:False
297.423,Patrol,Player(Clone):0.000:False;Girl(Clone):0.000:False
297.524,Patrol,Player(Clone):0.000:False;Girl(Clone):0.000:False
297.624,Patrol,Player(Clone):0.000:False;Girl(Clone):0.000:False
297.724,Patrol,Player(Clone):0.000:False;Girl(Clone):0.000:False
297.824,Patrol,Player(Clone):0.000:False;Girl(Clone):0.000:False
297.926,Patrol,Player(Clone):0.000:False;Girl(Clone):0.000:False
298.029,Patrol,Player(Clone):0.000:False;Girl(Clone):0.000:False
298.133,Patrol,Player(Clone):0.000:False;Girl(Clone):0.000:False
298.236,Patrol,Player(Clone):0.000:False;Girl(Clone):0.000:False
298.338,Patrol,Player(Clone):0.000:False;Girl(Clone):0.000:False
298.442,Patrol,Player(Clone):0.000:False;Girl(Clone):0.000:False
298.543,Patrol,Player(Clone):0.000:False;Girl(Clone):0.000:False
298.644,Patrol,Player(Clone):0.000:False;Girl(Clone):0.000:False
298.746,Patrol,Player(Clone):0.000:False;Girl(Clone):0.000:False
298.848,Patrol,Player(Clone):0.000:False;Girl(Clone):0.000:False
298.950,Patrol,Player(Clone):0.000:False;Girl(Clone):0.000:False
299.051,Patrol,Player(Clone):0.000:False;Girl(Clone):0.000:False
299.153,Patrol,Player(Clone):0.000:False;Girl(Clone):0.000:False
299.254,Patrol,Player(Clone):0.000:False;Girl(Clone):0.000:False
299.359,Patrol,Player(Clone):0.000:False;Girl(Clone):0.000:False
299.460,Patrol,Player(Clone):0.000:False;Girl(Clone):0.000:False
299.560,Patrol,Player(Clone):0.000:False;Girl(Clone):0.000:False
299.661,Patrol,Player(Clone):0.000:False;Girl(Clone):0.000:False
299.762,Patrol,Player(Clone):0.000:False;Girl(Clone):0.000:False
299.863,Patrol,Player(Clone):0.000:False;Girl(Clone):0.000:False
299.968,Patrol,Player(Clone):0.000:False;Girl(Clone):0.000:False
300.068,Patrol,Player(Clone):0.000:False;Girl(Clone):0.000:False
300.171,Patrol,Player(Clone):0.000:False;Girl(Clone):0.000:False
